	Jaak Joala	Urmas Alender
Jaak	2	0
Joala	2	0
Eesti	2	0
oli	2	2
http	1	1
err	2	1
2021	1	2
on	2	1
joala	2	2
https	1	0
ning	1	1
jaak	2	1
Viljandi	2	0
ei	2	0
eesti	2	1
ta	2	2
aeg	1	2
aasta	2	1
2014	1	1
ka	1	1
vaadatud	1	1
kuju	2	2
autor	2	0
aastal	1	0
Netiviide	1	1
pealkiri	1	1
väljaanne	1	1
monument	2	1
arhiiv	1	0
Kategooria	1	1
monumendi	2	1
26	1	0
laulja	1	0
guid	1	1
november	1	0
Tallinna	1	1
i	1	1
laul	2	2
12	1	2
NSV	1	1
name	1	1
1	2	1
13	1	2
2022	1	1
basskitarr	1	1
september	1	1
ansambel	2	1
tema	2	2
kui	2	2
seda	1	2
ETV	2	1
1980	1	0
Toivo	1	1
ohtuleht	1	1
Õhtuleht	1	1
ERR	2	1
Raadio	1	2
31	1	1
Kristallid	1	1
postimees	2	0
delfi	2	2
issöör	1	2
1977	1	0
1987	1	0
lisa	1	1
viide	1	1
juuni	1	1
jaoks	1	1
Tartu	2	0
mis	2	1
detsember	1	1
Linna	1	1
1981	1	0
2020	1	1
Tallinn	1	1
kus	1	1
pärast	2	2
is	1	1
saade	2	1
aga	2	1
kadunud	1	1
v	1	1
Ivo	1	1
muusika	2	1
ansambli	2	2
kasti	2	2
2	2	0
jpg	1	2
6	2	1
9	2	2
Televisioon	1	2
Virmalised	1	0
aastatel	2	0
Eestis	1	2
kõik	1	1
olnud	1	2
m	1	2
s	1	1
isegi	1	2
lootusetult	1	0
Urmas	1	0
Kersna	2	2
Mati	1	0
10	1	1
25	1	1
1979	1	1
1985	1	1
1996	1	1
klahvpillid	1	0
olid	1	1
Fail	1	1
pisi	1	0
nii	1	0
laule	1	2
Radar	2	1
koos	2	0
id	1	2
kes	1	1
Vahur	2	1
Maire	1	0
vastu	1	0
Suveöö	1	1
Vello	1	0
toimetaja	1	0
Re	2	0
laulud	1	0
Ansambel	2	2
com	1	2
MTÜ	1	0
Olev	2	0
viljandi	2	0
linn	1	0
kultuur	1	2
poliitik	1	1
16	1	1
22	1	1
1973	1	1
1984	1	1
1988	1	1
2010	1	1
2015	1	1
2017	1	1
nimi	1	1
hiljem	2	1
laulis	1	0
Ma	2	1
Liidu	2	2
See	2	1
ainult	2	2
Postimees	2	0
Meie	2	2
Tõnis	1	0
vaata	2	0
viidi	1	2
avati	1	0
Viited	2	0
youtube	2	2
Välislingid	1	0
jaanuar	1	1
maha	1	1
soolokitarr	1	1
0	3	0
3	2	2
17	1	2
1966	1	1
1972	1	0
1982	1	1
2019	1	1
muusik	1	1
plaadifirma	1	1
Kurmet	1	1
aega	1	1
l	1	0
Jaan	1	1
Künnap	1	1
aastad	1	0
Ta	2	1
talle	1	2
Joalast	1	1
Olav	1	0
Ehala	1	1
eest	1	1
selle	2	1
detsembril	1	1
Talvik	2	1
Joalaga	2	1
mulle	1	0
veebruar	1	0
Lainer	1	1
juba	2	0
e	1	0
Las	1	1
oma	1	0
oktoober	1	2
le	1	1
kodu	1	0
kuid	1	0
ametlikult	2	1
Ojakäär	1	0
watch	1	0
sakala	2	0
Sakala	2	0
Kenk	1	0
kast	1	0
osta	1	0
ile	1	0
laulutekstide	1	0
14	1	0
23	1	1
1950	1	1
1969	1	0
1974	1	1
1978	1	1
1983	1	1
2008	1	1
2016	1	1
367961	1	1
vokaal	1	0
popmuusika	2	1
Filharmoonia	2	0
lugu	2	0
miks	1	1
Horoskoop	1	0
small	1	0
Joalat	2	1
sai	1	0
näiteks	1	1
Nõukogude	2	0
esituses	1	1
Kremli	2	0
ööbik	1	0
nagu	1	0
Telefilm	2	1
mitu	1	0
Aasta	2	0
suur	1	1
ajal	1	1
Joalale	1	0
kohta	1	0
ndash	1	1
soprade	1	0
sõprade	1	0
aastate	1	0
Ansambli	2	0
il	1	2
publik	1	1
ma	2	1
saates	2	2
Carte	1	1
blanche	1	0
lahkus	1	0
ära	2	1
menu	2	1
jääda	1	0
hea	1	0
Mägi	1	0
tulid	1	1
oktoobril	1	0
sündinud	2	1
Toomas	1	2
jaanuaril	1	1
teele	1	0
in	1	0
memoriam	1	2
mille	1	0
liikmed	1	1
Viljandis	2	1
viited	2	0
Salumets	1	2
algusest	1	0
re	2	0
meie	2	0
dcc	1	0
ttu	1	0
Bands	1	0
get	1	0
asp	1	0
ident	1	0
Laul	2	0
artikkel	2	2
ausammas	2	1
saanud	1	0
Rahva	2	0
pani	1	0
tahab	1	0
ausamba	1	0
pakub	1	0
Vally	2	0
Ojavere	2	0
andmebaas	1	0
Kõlar	1	0
15	1	0
21	1	1
24	1	1
29	1	1
74	1	1
1960	1	0
1965	1	0
1968	1	0
1975	1	1
1991	1	1
2013	1	1
flööt	1	1
muusikapedagoog	1	0
muusikaprodutsent	1	0
Melodija	1	0
Riiklik	1	1
a	2	1
Arno	1	2
hakkas	1	0
Pärast	2	1
klassi	1	1
nimeline	1	1
algas	1	1
mängis	1	0
Unt	1	1
Tema	2	1
salvestatud	1	2
Kurmeti	1	1
kelle	1	1
Arne	1	0
Naissoo	1	0
Raivo	1	0
Kikerpuu	1	0
Raimonds	1	0
Pauls	1	0
Vladimir	1	0
laulu	2	0
Liit	1	2
Liidus	1	1
mitte	1	0
esines	1	0
Teisikud	1	0
tuli	1	0
Vene	2	1
repertuaarist	1	1
teha	1	0
väga	1	1
kunstnik	1	1
kontserte	1	0
kultuuriministeeriumi	1	0
ette	1	1
lihtsalt	1	0
sellele	2	0
lauljana	1	1
solist	1	1
loobus	1	1
Länik	1	0
php	1	0
enam	1	1
Ada	1	1
Lundver	1	0
peale	1	0
liiga	1	1
Ott	1	0
ise	1	1
neid	1	1
filharmoonia	2	1
sõnul	1	0
elu	3	0
Koit	1	1
Toome	1	0
kõige	2	0
muusikat	2	0
üle	1	0
mida	1	2
aastat	1	0
news	1	1
RAM	1	1
lauluväljakul	1	0
esimese	1	0
abikaasa	1	0
ordenit	1	1
tramm	1	0
galerii	2	0
kastis	1	1
novembris	2	0
ga	1	0
edetabelid	2	1
kujule	1	0
mälestusmärk	1	0
fotod	1	0
viljandis	2	0
Mu	2	0
ISBN	1	0
Paavo	1	1
Raadiosaated	1	1
Peeter	1	0
räägib	1	1
Kuumad	1	0
kuuekümnendad	1	0
ansamblit	1	0
Saatejuhid	2	1
Kõrvits	1	0
räägivad	1	0
lugude	1	0
esinemistest	1	0
Muusika	2	0
ansamblilt	1	2
Vikerraadio	1	0
Autor	2	0
Saatejuht	2	0
peab	1	0
lavastaja	1	0
Leo	1	0
levimuusikapäevad	1	0
Radsin	1	0
Saade	2	0
ansamblite	2	1
Ringvaade	2	0
Sündinud	2	0
pühendatud	1	2
sambaga	1	1
Marko	1	0
Suurmägi	1	0
jaanuaris	1	0
nõudekirja	1	0
kriitikat	1	0
eemaldati	1	0
lõhuti	1	0
umber	1	0
ümber	1	0
mtu	1	0
seisab	1	0
Monumendi	2	0
eestvedaja	1	0
linnavolikogu	1	0
Aaltonen	2	1
avamist	1	0
paigaldamise	1	0
pargist	1	0
elanikke	1	0
lesk	1	0
paar	1	0
aprill	1	1
Laulu	2	1
kevadel	1	2
Virmaliste	1	0
Koosseis	2	0
Ülo	1	2
Kalju	1	0
Oppi	1	1
Stockholm	1	0
Ansamblite	2	1
ansamblid	1	0
lugudel	1	2
lool	1	0
löökpillid	1	0
11	1	0
18	1	1
27	1	1
28	1	0
33	1	1
43	1	0
46	1	0
60	1	1
1941	1	0
1952	1	1
1964	1	0
1967	1	0
1970	1	0
1990	1	1
2000	1	0
2005	1	1
2018	1	1
3393	1	1
67865	1	0
92140981	1	0
pilt	2	0
pildiallkiri	1	1
pildi_suurus	1	1
horisontaalne	1	1
taust	1	1
alias	1	1
päritolu	1	1
kitarr	1	1
stiil	1	1
tegev	1	1
Meloodia	1	1
seotud_esitajad	1	0
sündis	1	1
Jaagu	1	1
ema	1	0
Helgi	1	0
Ridamäe	1	0
isa	1	0
eas	1	1
tuntud	1	0
õppima	1	1
it	1	0
vanemate	1	1
kaasa	1	0
alustas	1	0
keskkoolis	1	1
asus	1	0
Muusikakool	1	1
sügisel	1	0
lood	1	1
Ainult	2	1
sul	1	0
Naer	2	0
päev	1	0
Üksinda	1	0
saadetes	1	0
kiiresti	1	0
Tallinnas	1	1
sealt	1	0
võimalik	1	0
kontsertidel	1	0
publiku	1	0
lauldud	1	1
vasakul	1	1
Foto	2	0
poolest	1	2
võitis	1	0
paljudel	1	0
välismaal	1	0
lauluvõistlusel	1	0
ürii	1	0
eripreemia	1	0
III	1	0
preemia	1	0
esitas	1	0
heliloojatest	1	0
Oit	1	0
Uno	1	0
Kustas	1	0
Rein	1	0
Viktor	1	1
tolleaegsetest	1	0
Kadrioru	1	0
kõlakojas	1	0
Kesktelevisiooni	1	0
milles	1	0
tõi	1	0
rahvast	1	0
täis	1	0
korda	1	0
laureaadiks	1	1
osa	1	0
tarvis	1	1
tundsin	1	0
hästi	1	0
tõeline	1	0
eestlane	1	0
see	2	0
sellistes	1	2
meil	1	0
mingi	1	0
Riikliku	2	0
teeneline	1	1
teenelise	1	0
kunstniku	1	0
tabas	1	0
meenutab	1	0
joalaga	2	0
Merle	2	0
järgnes	1	0
lõpuks	1	0
aastaks	1	0
endale	1	0
peaaegu	2	0
tehti	1	0
esineda	1	1
Eestist	1	1
u	1	0
Jaanus	1	1
Kulli	1	1
kohe	1	0
Vahe	1	0
radar	2	1
omas	1	0
parim	2	0
lõpus	1	0
muusikapäevad	1	0
X	1	0
Rock	2	0
Summer	1	1
välja	1	1
arvata	1	1
tenori	1	0
article	1	0
Marju	1	0
Delfi	2	0
konferansjee	1	2
Oti	1	0
novembril	1	0
Mul	1	0
nüüd	1	0
saabus	1	1
alla	1	1
Sellest	2	1
ühe	1	1
Doris	1	0
mind	1	1
uudised	1	1
jt	1	0
Madis	1	1
suvel	1	0
viimane	1	0
mees	1	1
selja	1	2
taha	1	0
veel	1	0
kokku	1	1
Eri	1	1
Raimond	1	0
Tarmo	1	0
kümme	1	0
vahur	2	1
kersna	2	0
ole	1	0
olemas	1	1
ausammast	1	0
kahtlemata	1	0
kuningas	1	0
mais	1	0
infarktiga	1	0
südame	1	0
tõttu	1	0
suure	1	1
Tunnustus	1	1
Sopoti	1	1
Valgetähe	1	0
IV	1	0
määratud	1	0
võtma	1	0
intervjuust	1	0
presidendi	1	0
TV	2	0
artistideks	1	0
kuulutati	1	0
saatma	1	0
levimuusika	1	0
kuninga	1	0
kunagistest	1	0
koduakendest	1	0
Nov	1	0
juuli	1	0
toimus	1	1
esitati	1	1
lauludest	1	0
Radari	1	0
Aare	1	0
Põder	1	0
septembril	1	0
Elu	3	0
album	1	1
linnavalitsuse	1	1
Balti	2	0
Esialgu	1	0
jaama	1	0
tuleb	1	0
lauljale	1	0
Kenno	1	0
Soo	1	0
Vaata	2	0
kord	1	2
Valter	1	0
Arhiivisaated	1	0
lapsepõlvest	1	0
Muusikaline	2	0
Saate	2	0
Rand	1	0
kirjutamisest	1	0
rahast	1	0
tasemest	1	0
saadetest	1	0
salvestamisest	1	0
tehnikast	1	0
pidudest	1	0
riietusest	1	0
õppestuudiost	1	0
ühiskontserdist	1	0
Kosmoses	1	0
Reet	1	0
Enn	1	0
üheks	1	0
Karpin	1	1
operaator	1	0
keeles	1	0
Brambat	1	1
Pirita	1	0
kloostri	1	0
varemetes	1	0
laulavad	1	0
orkestrit	1	0
juhatab	1	0
Heiki	1	0
Vahar	1	1
palju	2	0
Sergei	1	0
etv	2	0
Andres	1	0
Laine	1	1
Verni	1	0
Leivak	1	0
Riho	1	0
haaranud	1	0
laulude	1	0
maania	1	1
saadetakse	1	0
viimsele	1	0
Esitajate	1	0
Intervjuu	2	0
Olavi	1	1
märts	1	0
JÄRJESTA	1	1
öös	1	1
öösel	1	0
Posti	1	0
skulptor	1	0
nägu	1	0
käed	1	1
tuled	1	0
Samal	1	0
punamonumentidele	1	1
viimased	2	0
vastanud	1	1
lõpptulemus	1	0
vastuvõetamatu	1	0
au	1	0
rikkumine	1	0
sellekohase	1	0
linnavalitsusele	1	0
Monument	2	0
otsustas	1	0
linnavalitsus	2	0
võtta	1	0
Linnahoolduse	1	0
lattu	1	0
juulis	1	0
Muuseum	1	0
Muuseumi	2	0
Ausammas	2	0
skandaal	1	0
Kuju	2	1
teos	1	0
olla	1	0
kujunes	1	0
monumenti	1	1
kroonika	2	0
kujul	1	0
saab	1	0
piiluaukudest	1	0
vaadata	1	0
Kroonika	2	0
ara	1	0
olev	2	0
kaotas	1	0
turismimagneti	1	0
edaspidi	1	0
püstitamise	1	0
Isamaa	1	0
Harri	1	1
Juhani	1	0
valesti	1	0
läks	2	0
saatis	1	1
piisavalt	1	0
seisis	1	0
arvates	1	1
Linnavalitsus	2	0
paigaldamine	1	0
päeva	1	0
võimalus	1	0
päeval	1	1
teose	1	0
tellinud	1	0
kingitud	1	0
sammas	1	0
lauluga	1	0
naabruskonna	1	0
esitatud	1	0
nime	2	0
lammutamist	1	1
eemaldada	1	0
elt	1	0
kuni	1	0
pärijad	1	1
läbirääkimised	1	0
katkestasid	1	0
eemaldamist	1	0
eksponeerida	1	0
loobub	1	0
taotlemisest	1	0
leitud	1	0
plaadid	1	0
lubasid	1	0
ruttu	1	0
taastada	1	0
uueks	1	0
asukohaks	1	0
kuud	1	0
kulunud	1	0
raha	1	0
tagastama	1	0
muuseumi	2	0
mehenimi	1	0
eesnimi	1	0
elaniku	1	0
teatrikriitik	1	0
ajaloolane	1	0
endine	1	0
korvpallur	1	0
tuntuks	1	0
sõnad	1	0
antikvariaat	1	1
eu	1	0
mu	2	0
noot	1	0
biitmuusika	2	0
tegutses	1	0
as	1	1
sealhulgas	2	3
alates	2	1
Jüri	1	2
Lina	1	1
salvestati	1	0
tegevust	1	1
koosseisu	1	1
trummid	1	1
Soots	1	1
Malbur	1	0
Preast	1	0
Vaarmann	1	0
Terra	1	0
Referent	1	0
CD	1	0
meenutatakse	2	1
Biitmuusika	2	0
koosseis	2	0
Sa	2	2
trompet	1	2
On	2	1
naine	1	2
vally	2	1
ojavere	2	0
kirjutamine	1	0
aastaselt	1	0
infarkti	1	0
tundnud	1	0
kontsert	1	0
Ele	1	1
Raul	1	0
web	1	1
7	2	0
Veiko	1	2
Kittask	1	0
5	2	0
8	2	2
19	1	1
20	1	1
30	1	1
40	1	1
45	1	1
50	1	1
55	1	0
57	1	1
70	1	1
76	1	0
78	1	0
92	1	0
94	1	0
127	1	0
266	1	0
400	1	0
621	1	0
691	1	0
762	1	0
1399	1	0
1591	1	0
1926	1	0
1949	1	0
1951	1	0
1961	1	0
1971	1	0
1976	1	1
1986	1	1
1992	1	1
1994	1	1
1995	1	1
1999	1	1
2002	1	1
2004	1	0
2006	1	1
2011	1	1
2121	1	0
2337	1	0
4611	1	0
10539	1	0
15919	1	0
17528	1	0
23973	1	0
29332	1	0
35610	1	0
36668	1	0
68926	1	0
85144	1	0
176427	1	0
261700	1	0
284571	1	0
291167	1	0
300603	1	0
584469	1	0
596840	1	0
601631	1	0
910212	1	0
958816	1	0
977423	1	0
1222159	1	0
2933885	1	0
2934341	1	0
4036549	1	0
4146627	1	0
7105126	1	0
7145401	1	0
7384898	1	0
7385031	1	0
7429216	1	0
7597738	1	0
69827059	1	0
69827429	1	0
71779449	1	0
75678831	1	0
92642383	1	0
94972739	1	0
1608071572	1	0
1608073036	1	0
1608074377	1	0
1608076411	1	0
1608094639	1	0
1608109690	1	0
1608180532	1	0
1608382871	1	0
1608461513	1	0
1608464777	1	0
1608592474	1	0
1608651775	1	0
viita	1	0
Infokast	1	0
soolo_laulja	1	1
sünninimi	1	1
sünniaeg	2	1
Sünniaeg	2	1
sünnikoht	1	1
surmaaeg	2	1
Surmaaeg	2	1
vanus	1	1
surmakoht	1	1
pill	1	1
hääleliik	1	1
bariton	1	1
amet	1	0
pop	1	2
pedagoog	1	2
Elulugu	1	0
kasvas	1	2
muusikute	2	0
perekonnas	1	1
lõpetas	1	0
Konservatoorium	1	1
riikliku	2	1
konservatooriumi	1	1
koorijuhtimise	1	1
erialal	1	0
töötas	1	0
koolides	1	1
muusikaõpetajana	1	1
Riiklikus	1	0
Filharmoonias	1	0
kontsertloengute	1	0
lektorina	1	0
muusikust	1	0
hilisemas	1	0
tervendaja	1	0
Seitsmeaastaselt	1	0
klaver	1	0
Tänu	2	1
muusikaarmastusele	1	1
võeti	1	0
teda	1	1
sageli	1	1
sümfoonia	1	0
kammermuusika	1	0
kontsertidele	1	0
ooper	1	0
ietendustele	1	1
Pelgulinn	1	0
poisina	1	0
kooliteed	1	0
Pelgulinna	1	0
Gümnaasium	1	0
jätkas	1	1
uue	1	0
koolimaja	1	0
valmides	1	0
Keskkool	1	0
Seal	1	2
vaimustus	1	0
kart	1	0
kardisõidust	1	0
kartide	1	0
ehitamisest	1	0
jäähoki	1	0
st	1	0
poisteansamblites	1	0
lõpetamist	1	0
soovil	1	0
flöödimängu	1	0
algul	1	0
Muusikakeskkool	1	0
muusikakeskkoolis	1	1
seejärel	1	1
Georg	1	2
Otsa	2	0
muusikakoolis	1	0
muusikukarjäär	1	0
biitansamblis	1	0
flööti	1	0
Undi	1	0
lahkumist	1	0
esimesed	1	0
helilindistused	1	1
ansambliga	1	0
kümmekond	1	1
basskitarri	1	0
ansamblis	1	0
kellega	1	1
sisse	1	0
tea	1	1
Taas	1	0
Sellesse	2	1
jäävad	1	0
esinemised	1	0
populaarsetes	1	0
Kanal	1	0
kasvav	1	0
kuulsus	2	0
Sõjaväeteenistus	1	0
möödus	1	0
Joalal	1	0
Tondi	1	0
sõjaväeorkestris	1	0
mängides	1	0
käia	1	0
helisalvestustel	1	0
esinemas	1	0
jäädvustas	1	0
lemmiku	1	0
sõdurpoisi	1	0
argipäevast	1	0
noortesaate	1	0
filmilõike	1	0
telefilmis	1	0
Tantsugalerii	1	0
Kuulsuse	1	0
ahelad	1	0
osutus	1	0
edasist	1	1
lauljakarjääri	1	0
silmas	1	0
pidades	1	0
ettekuulutavaks	1	0
püsti	1	0
Aastatega	1	0
laienes	1	0
repertuaar	1	0
muutudes	1	0
sisu	1	0
vokaali	1	0
nõudlikumaks	1	0
kuulasid	1	0
meelsasti	1	0
noored	1	0
vanad	1	0
auhindu	1	0
lauluvõistlustel	1	0
festivalidel	1	0
võidukas	1	0
Tippmeloodia	1	0
niisamuti	1	0
Rostock	1	0
Vilnius	1	0
es	1	0
anti	1	1
auhinnad	1	1
ühel	1	0
lauljal	1	0
üldse	1	0
saada	1	1
kahel	1	0
Sopot	1	0
üks	1	0
nõutumaid	1	1
lauljaid	1	0
nende	2	0
heliloojate	1	0
seas	1	0
loomingut	1	1
kirjutanud	1	1
Gennadi	1	0
Taniel	1	1
Tammik	1	0
Rannap	1	0
Ignatjev	1	1
David	1	0
Tuhmanov	1	1
Aleksandr	1	0
Zatsepin	1	0
Reznikov	1	0
Matetski	1	0
vana	2	0
aastaõhtul	1	2
esietendus	1	0
programmis	1	0
muusikaline	2	0
telefilm	2	0
kõlas	1	0
neli	1	0
tohutu	1	0
populaarsuse	1	0
Hiiglaslikud	1	0
kultuuripaleed	1	0
puupüsti	1	0
ainsas	1	0
plaadifirmas	1	0
vermitud	1	0
Vinüülplaat	1	0
vinüülplaadid	1	0
defitsiit	1	0
kremli	2	0
oobik	1	0
käis	1	0
kontsertreisidel	1	0
pidupäevakontsertidel	1	0
Lisaks	1	0
osales	1	1
muusikafilmides	1	1
Olümpiaregati	1	0
tähed	1	0
Hommikune	1	0
post	1	0
Kutsuv	1	0
tuluke	1	0
televisiooni	1	0
laulufestivali	1	1
Arvukate	1	0
esinemiste	1	0
NFSV	1	0
Venemaal	1	0
mujal	1	0
tolleaegsest	1	0
vene	2	0
keel	1	1
venekeelne	1	1
hüüdnime	1	1
saa	1	0
aru	1	0
suurepärane	1	0
fantastiline	1	0
inimene	1	0
Mis	2	1
Jaaku	1	1
Võin	2	0
teile	1	0
öelda	1	0
Ega	1	0
süü	1	0
sellisel	1	0
oludes	1	0
elas	1	0
Tööd	1	0
kõigil	1	0
tingimustes	1	0
me	1	0
tegime	1	1
section	1	0
polnud	1	0
autasustati	1	0
teenete	1	0
nõukogude	2	0
estraadikunsti	1	1
edendamisel	1	0
artisti	1	0
p	1	0
aunimetusega	1	2
ÜLEMNÕUKOGU	1	0
JA	1	0
VALITSUSE	1	1
TEATAJA	1	0
Nr	1	0
Art	1	1
Sm	1	0
J	1	0
aunimetuse	1	1
andmise	1	0
lk	1	0
Aastatel	2	1
saateansambliga	1	2
ränka	1	0
lööki	1	0
Kõigepealt	1	0
varastati	1	0
mil	1	0
Sot	1	0
muusikafilmi	1	0
võtetel	1	0
merle	2	0
talvik	2	0
lobusaid	1	1
lõbusaid	1	0
tühjaks	1	0
korter	1	0
Sellele	2	0
abielulahutus	1	1
võimudelt	1	0
sõnakuulmatuse	1	0
esinemiskeelu	1	0
Kultuuriministeerium	1	1
juhid	1	1
rahul	1	0
jõulise	1	0
iseseisvumisega	1	0
niivõrd	1	0
kuulus	1	0
arvas	1	0
võib	1	0
lubada	1	0
kõike	1	0
kultuuriministeeriumisse	1	0
Moskvas	1	0
kõne	1	0
Võtke	1	0
temaga	1	0
ometi	1	0
midagi	1	0
juhitamatu	1	1
kallid	1	0
kultuurifunktsionäärid	1	0
organiseerisid	1	0
disklahvi	1	0
Ei	2	0
tohtinud	1	1
terve	1	1
otsa	2	0
kusagil	1	0
lauluhäältki	1	0
mingit	1	0
pilli	1	0
mängida	1	0
täielik	1	0
vaikus	1	0
Keegi	1	0
helistanud	1	1
Moskvasse	1	0
öelnud	1	0
Sdelaite	1	0
nim	1	0
hotj	1	0
to	1	0
nibudj	1	2
nas	1	0
neupravljajemõi	1	0
Peaaegu	2	0
aastane	1	0
esinemiskeeld	1	0
zanris	1	1
liidu	2	0
anris	1	1
naasis	1	0
moodustati	1	0
tuntuimad	1	0
ülesastumised	1	0
levimuusikapäevadel	1	0
lauljakarjäärist	1	0
kolme	2	0
kontserdid	1	0
surmast	1	2
murtud	1	0
suuda	1	1
leppida	1	0
elurõõmsat	1	0
inimest	1	0
kunagi	1	1
näe	1	0
Põhjuseks	1	0
kuulsusest	1	0
tüdimus	1	0
väsimus	1	0
Kuulsus	2	0
kähku	1	0
massiivselt	1	0
tahtis	1	0
hingamise	1	0
ruumi	1	0
Aga	2	0
antud	1	1
ajab	1	1
inimese	1	0
hulluks	1	0
rääkis	1	0
pidevalt	1	0
tüdinud	1	0
väsinud	1	0
kõigest	1	0
Goskontsert	1	0
tihedast	1	0
esinemisgraafikust	1	0
tingitud	1	0
lakkamatutest	1	0
kontserditurneedest	1	0
avarustes	1	0
sellega	1	0
kaasnenud	1	0
rutiinist	1	0
meenutas	1	0
selgelt	1	0
meeles	1	0
hetk	1	0
lavalolek	1	0
vastukarva	1	0
tegin	1	0
üleskeeratud	1	0
mängujänes	1	0
elust	1	0
ratastel	1	0
lahkhelidest	1	0
juhtidega	1	0
valitsevate	1	0
muusikasuundade	1	0
muutumisest	1	0
mõõt	1	0
Venemaale	1	0
tümpsu	1	0
periood	1	0
põhjus	1	0
tõmbasin	1	0
kriipsu	1	0
ütlesin	1	0
aitab	1	0
piirist	1	0
allapoole	1	0
lähe	1	0
terviseprobleemidest	1	0
areenilt	1	0
tervise	1	0
Tal	2	0
südamega	1	1
probleeme	1	0
minu	1	0
teada	1	2
insulti	1	0
kõrvaga	1	0
halvemini	1	0
kuulma	1	0
niipalju	1	0
tean	1	0
töötanud	1	0
vasak	1	0
käsi	1	0
oleks	1	0
osanud	1	0
kurjasti	1	0
kasutatakse	1	0
Vanemas	1	0
tal	2	0
iseenda	1	1
muu	1	0
821119dd	1	2
466a	1	0
a8e3	1	0
c883a28bafac	1	0
muusikaliselt	1	0
rohkem	1	1
mõjutanud	1	1
ajalt	1	0
suuremate	1	1
rokkmuusika	1	0
rokk	1	1
kontsertide	1	1
festivalide	1	0
na	1	0
Rolling	1	1
Stones	1	1
turnee	1	1
tuntumad	1	0
projektid	1	1
sel	1	0
esitanud	1	1
Kollane	1	0
Allveelaev	1	1
G	1	0
Karl	1	0
Meelis	1	1
Punder	1	0
toimunud	1	0
ühiskontserdid	1	0
rahvasuus	1	0
Kolme	2	0
tuur	1	0
Mäega	1	0
Hiljem	2	0
laulmisest	1	0
pühendus	1	0
pedagoogi	1	0
produtsenditööle	1	0
juhtis	1	0
mõnda	1	1
muusikasaadet	1	0
ülesastumine	1	0
avalikkuse	1	0
ees	1	0
telgikontsert	1	0
Vabaduse	1	0
väljak	1	0
ul	1	0
kolm	2	0
tenorit	1	0
korraks	1	0
Klas	1	0
sünnipäeva	1	0
juubeli	1	0
peol	1	0
esitasid	1	0
nad	1	0
vaid	1	1
Valgre	1	1
loodan	1	0
saan	1	1
sellest	2	0
juhatas	1	1
Leinatamm	1	0
Viimased	2	0
eraklik	1	1
inimesed	1	0
korget	1	1
vaariks	1	0
kõrget	1	0
vääriks	1	0
lauljat	1	0
infarkt	1	0
mail	1	0
jälle	1	0
Põhja	1	1
regionaalhaigla	1	1
veresoonkond	1	0
veresoonkonna	1	0
haiguste	1	0
intensiivraviosakonda	1	0
Vaatamata	2	0
tegemist	2	0
teise	1	0
taastus	1	1
septembri	1	0
õhtul	1	1
leiti	1	0
kodust	1	0
surnuna	1	0
äsja	1	0
kopsuprobleemide	1	0
haiglaravil	1	0
maeti	1	0
Metsakalmistu	1	0
Isiklikku	1	0
kvartett	1	1
300px	1	0
Rahvusmeeskoor	1	0
foto	2	0
muusikateadlane	1	2
tervendajana	1	0
abiellus	1	0
Nende	2	1
abielu	1	0
kestis	1	1
epl	2	0
armastuse	1	1
plaadil	1	1
EPL	2	0
poeg	1	1
Janar	1	1
august	1	0
teine	1	1
laulufestival	1	0
Poola	1	0
teenetemärk	1	0
keeldus	1	0
president	1	0
Hendrik	1	0
Ilves	1	0
tv	2	0
delfis	1	0
loik	1	0
mairega	2	0
votma	1	0
lainud	1	0
Lõik	1	0
Mairega	2	0
läinud	1	0
Panus	1	0
muusikasse	1	0
Fonogrammitootjate	1	0
Ühing	1	0
tunnustas	1	0
Muusikaauhinnad	1	0
muusikaauhindade	1	0
galakontserdil	1	0
autasuga	1	0
postuumselt	1	0
elutööd	1	0
igas	1	0
mõttes	1	0
erakordse	1	0
muusikalise	1	0
tegevuse	1	0
meesartist	1	0
pluss	1	0
maarja	2	0
nuut	2	0
Maarja	2	0
Nuut	2	0
Alates	2	0
aastast	1	2
sõidab	1	1
Nimelised	1	0
muusikatrammid	1	0
temanimeline	1	0
Jaanika	1	0
Vilipo	1	0
venemaa	2	0
fannid	1	0
moodub	1	0
Galerii	2	0
Venemaa	2	1
fännid	1	0
möödub	1	0
Diskograafia	1	0
rohkesti	1	1
avaldatud	1	0
heliplaatidel	1	1
Mälestuse	1	0
jäädvustamine	1	0
Kasti	2	0
pandud	1	0
Lauluväljak	1	0
retrospektiiv	2	0
valik	1	0
Kontserdi	1	0
korraldaja	1	1
ühinesid	1	0
laval	1	0
Kaire	1	1
Vilgats	1	0
Dagmar	1	0
Oja	1	0
kunagine	1	1
klahvpillimängija	1	0
77670c43	1	0
bf98	1	0
423d	1	0
871c	1	0
e0252d2eab96	1	0
annab	1	0
lauludega	1	0
suurkontserdi	1	0
Menu	2	0
pühendati	1	0
Rahvusringhääling	1	0
ELU	3	0
EDETABELID	2	1
avaldas	1	0
ettevõte	1	0
JJ	1	0
Music	1	0
plaadi	1	0
tiraa	1	0
teatasid	1	0
plaanist	1	0
püstitada	1	0
jaam	1	0
pakkus	1	0
Kaljulaid	1	0
Tartus	1	0
olevale	1	0
Eduard	1	0
Vilde	1	0
Oscar	1	0
Wilde	1	0
analoogse	1	0
kaksikmonumendi	1	0
pingil	1	0
istuksid	1	0
lähedased	1	0
kavaga	1	0
nõustunud	1	1
balti	2	0
korvale	1	0
kõrvale	1	0
detsembris	1	0
püstitati	1	1
sünnilinnas	1	0
paevauudised	1	0
Kirjandus	1	0
valitud	1	2
intervjuud	1	1
sarjast	1	0
SE	1	0
JS	1	0
9985854020	1	0
Kangur	1	0
unustuse	1	1
jõel	1	0
silla	1	0
loob	1	0
Kunst	1	0
9789949486861	1	0
köites	1	0
kahju	1	0
fotoalbum	1	0
Kontseptsioon	1	0
teostus	1	0
Rene	1	0
Kirsipuu	1	1
disain	1	0
kujundus	1	0
Jakovski	1	0
Link	1	0
Communication	1	0
Arts	1	0
Õhtu	1	0
kahele	1	0
Intervjuus	1	0
juttu	1	0
muusikaõpingutest	1	0
laulab	2	0
esitab	1	0
meelelahutuslikke	1	0
sket	1	0
Raadiovarietee	1	0
õhtut	1	0
juhib	1	0
Hein	1	0
tund	2	0
Laulab	2	0
pajatab	1	0
tööst	1	0
perekonnast	1	0
lemmikutest	1	0
konkurssidest	1	0
festivalist	1	0
küsitleja	1	0
Edgar	1	0
Selberg	1	0
Meenutatakse	2	0
Vikerkäär	1	0
külaline	1	0
ilmuvast	1	0
Mäe	1	0
heliplaadist	1	0
pedagoogitööst	1	0
muusikast	1	0
jpm	1	0
Lastetuba	1	0
Made	1	0
vestleb	1	0
kooliaastatest	1	0
Originaal	1	0
koopia	1	0
Elgula	1	0
Kristo	1	0
Rajasaare	1	0
Telesaated	1	0
201005071335063010010002081001517C41A040000005020B00000D0F008067	1	0
Estraaditähestik	1	0
loometeed	1	0
tutvustav	1	0
Küsimustele	1	0
annavad	1	0
vastuseid	1	0
Muusikat	2	0
Eesmaa	1	0
Elmo	1	0
Lööve	1	0
201005102122191010010002081001517C41A040000005020B00000D0F018699	1	0
komöödia	1	0
Aringust	1	0
rallisõitja	1	0
Uibost	1	0
keda	1	0
ajakirjanik	1	0
Tiina	1	0
Salum	1	0
välise	1	0
sarnasuse	1	0
samaks	1	0
inimeseks	1	0
Lembit	1	0
Ulfsak	1	0
Aleksander	1	0
Razumov	1	0
201005102235260010010002081001517C41A040000005020B00000D0F020629	1	0
uued	1	0
Kõlavad	2	0
loodud	1	0
just	1	1
saate	2	1
Köster	1	0
Robert	1	0
Vood	1	0
Jelena	1	0
T	2	0
aplõgina	1	1
201005112313236010010002081001517C41A040000005020B00000D0F063576	1	0
Lugu	2	0
flöödimängijast	1	1
kontserttegevuse	1	0
aastapäeva	1	0
tähistav	1	0
201005070211143010010002081001517C41A040000005020B00000D0F004512	1	0
A	2	0
IX	1	2
muusikapäevade	1	0
üllatajaks	1	0
liidriks	1	0
ülejäänud	1	0
muusikud	1	0
levilavade	1	1
veteranid	1	0
Omapoolse	1	0
lähenemisega	1	0
tõlgitseti	1	0
Jimi	1	0
Hendrix	1	0
201105160311398010010002081001517C41A040000005764B00000D0F007533	1	0
Salvestis	1	0
muusikapäevadelt	1	1
Esineb	1	0
hinnati	1	0
helikeelt	1	0
puhtamaks	1	0
esitusmaneeri	1	0
professionaalsemaks	1	0
201005102249584010010002081001517C41A040000005020B00000D0F021039	1	0
201005102250019010010002081001517C41A040000005020B00000D0F021041	1	0
201005102353302010010002081001517C41A040000005020B00000D0F022513	1	0
Tundmatu	2	0
Jaska	1	0
onne	1	0
Palju	2	0
õnne	1	0
Retrospektiiv	2	0
valmis	1	0
videoarhiivi	1	0
materjalidest	1	0
Koostaja	1	0
ujJUpvFIXUs	1	2
Kostini	1	0
telesaatesarja	1	0
Komeedi	1	0
saba	1	0
kultuurisaated	1	0
saated	1	0
8944e7b4	1	0
479e	1	0
a13a	1	0
80b212108579	1	0
tähtkuju	1	0
Lepasar	1	0
produtsent	1	0
Ruth	1	1
Heinmaa	1	0
v49Yhumhb04	1	0
HwN5e1RPnm8	1	0
bUIW4TOEHco	1	0
andmebaasis	2	0
results	1	0
search_query	1	0
YouTube	2	0
estmusic	1	0
index	1	0
popup	1	1
play	1	0
Sibul	1	0
eestit	2	0
Eestit	2	0
järelehüüe	1	0
podcast	1	0
kuku	2	0
intervjuu	2	0
Kuku	2	1
Taskuhääling	1	0
Eile	1	0
hulgast	1	1
tunnustatud	1	1
muusikaekspert	1	0
Pihlamägi	1	0
Pihlamäega	1	0
meelelahutus	1	0
ringvaade	2	1
ringvaate_lood	1	0
0f61398c	1	0
b989	1	0
425a	1	0
98b8	1	0
9e54bc4526d2	1	0
avalikustas	1	0
ERRi	1	0
arhiivist	1	0
seni	1	0
avaldamata	1	0
lauljad	1	0
Poplauljad	1	1
flötistid	1	0
teenetemärgi	1	0
kavalerid	1	0
teenelised	1	0
kunstnikud	1	0
Metsakalmistule	1	0
maetud	1	0
Surnud	1	0
jaanuarikuu	1	1
tänav	1	0
tänaval	1	0
Mälestusmärgi	2	0
tellis	1	0
valmistas	1	0
Karmin	1	0
Ametlikult	2	0
Tegemist	2	0
heledates	1	0
toonides	1	0
interaktiivse	1	0
betoonist	1	0
millesse	1	0
kaunistasid	1	0
värvilised	2	0
kuldne	1	0
plaat	1	0
millel	1	0
eluaastad	1	0
kohal	1	0
Sihver	1	0
tana	1	0
tagasi	1	0
araviidud	1	1
jargnevad	1	0
tanavu	1	0
äraviidud	1	0
järgnevad	1	0
tänavu	1	0
Kuna	1	0
pärijate	1	2
kavandile	1	0
sellisena	1	0
siis	2	0
pärijaid	1	0
esindanud	1	0
advokaadibüroo	1	0
eemaldamiseks	1	0
hagihoiatuse	1	0
kunstnikelt	1	0
linnakodanikelt	1	0
hoidlasse	1	0
sattus	1	0
kiirelt	1	0
tugeva	1	0
kriitika	1	0
Margus	1	0
Haav	1	1
leht	1	0
vaike	1	0
väike	1	0
tulemusel	1	1
jõudis	1	0
vaatajate	1	0
silme	1	0
all	1	0
veidi	1	0
kuu	2	0
aja	1	1
kaeti	1	0
puitkastiga	1	0
Olles	1	0
sedavõrd	1	1
kurioosne	1	0
melu	1	0
tekitanud	1	1
ümbritsev	1	0
omamoodi	1	0
vaatamisväärsus	1	0
eks	1	0
sellesse	2	0
puuriti	1	0
piilumisauke	1	0
kirjutati	1	0
grafiti	1	0
sõnumeid	1	0
kleebiti	1	0
QR	1	0
kood	1	0
seinu	1	0
ool	1	0
laupaeva	1	0
lohuti	1	0
malestussamba	1	0
Ööl	1	0
laupäeva	1	1
mälestussamba	1	0
algsest	1	0
asukohast	1	0
garaazis	1	0
garaa	1	0
algatanud	1	0
Erakond	1	0
partei	1	1
liige	1	1
taotles	1	1
eraisikuna	1	0
Kaubamärk	1	0
kaubamärki	1	0
taotlusest	1	0
ak	2	0
nadal	1	1
laks	1	0
koik	1	0
AK	2	0
Nädal	1	1
saatus	1	0
Juba	2	0
enne	1	0
ametlikku	1	1
eriskummaline	1	0
poleemika	1	0
t	2	0
tekitav	1	1
sündmusterida	1	0
Selle	2	0
Kujurite	1	1
Ühendus	1	0
väitsid	1	0
kunstikonkurss	1	0
valimaks	1	0
mälestusmärgi	2	0
kavandit	1	0
korraldatud	1	0
haltuura	1	0
likult	1	0
osalemiseks	1	0
euro	1	0
suurune	1	0
rahaeraldus	1	0
loomiseks	1	0
läbipaistev	1	0
Merit	1	0
Maarits	1	0
Pilt	2	0
kastiga	1	1
varjatud	2	1
Varjatud	2	0
pealtvaates	1	0
paigaldati	1	0
asukohale	1	0
varjati	1	0
koormakilega	1	0
alles	1	0
kaks	2	0
linnarahvale	1	2
esitleda	1	0
rebiti	1	0
kile	1	0
tundmatu	2	0
te	1	0
poolt	1	0
viljandlastel	1	1
monumendiga	1	0
tutvuda	1	0
varem	1	0
viimasel	1	0
autori	1	0
Karmini	1	1
esindaja	1	0
liikme	1	0
Helir	1	0
Valdor	1	0
Seeder	1	0
avamiskõnesid	1	0
kuulama	1	0
hulga	1	0
linnaelanikke	1	0
külastasid	1	0
paljud	1	0
uudishimulikud	1	0
kel	1	0
avanes	1	0
tänu	2	1
liikumisandur	1	1
kuulata	1	0
tuntumaid	1	0
Värvilised	2	0
kõlavad	2	0
pälvisid	1	0
lähedal	1	0
elavate	1	1
inimeste	1	0
Kurdeti	1	0
liialt	1	0
vali	1	0
vaatamata	2	0
öörahu	1	0
esita	1	0
ülaosas	1	0
asuvad	1	0
tulukesed	1	0
paistavad	1	0
eredalt	1	0
tuppa	1	0
Triin	1	0
Loide	1	0
linnale	2	0
hairib	1	0
Linnale	2	0
häirib	1	0
grafitiga	1	0
illustreeritud	1	0
Enim	1	0
kajastust	1	0
kritiseerijaks	1	0
nõudis	1	0
samba	1	0
eemaldataks	1	0
viitab	1	0
eemaldamise	1	0
nõuet	1	0
Naise	1	0
eskiis	1	1
resultaat	1	0
Patendiõigus	1	0
patendi	1	0
omanikuna	1	0
advokaadibürooga	1	0
hagi	1	0
nowiki	1	0
hoiatuse	1	1
nouab	1	0
nõuab	1	0
linnapea	2	0
Linnapea	2	0
Timpson	1	0
soovinud	1	0
Kohus	1	0
kohtusse	1	0
minna	1	0
tegi	1	1
ettepaneku	1	0
seesugusel	1	0
moel	1	0
selleks	1	0
ajaks	1	1
kohalikke	1	0
lõhestanud	1	0
teistelt	1	0
kodanik	1	0
votab	1	0
võtab	1	0
veebruaril	1	0
puhkenud	1	0
poleemikat	1	1
suuremahulist	1	0
meediakajastust	1	0
puidust	1	0
seintega	1	0
kinni	1	0
katta	1	0
läbirääkimistes	1	0
jõutakse	1	0
selgusele	1	0
Kaks	2	0
nädalat	1	2
kinnikatmist	1	0
otsustasid	1	0
lõpetada	1	0
jäid	1	0
nõudmise	1	0
juurde	1	0
parijad	1	0
labiraakimised	1	0
nouavad	1	0
nõuavad	1	0
Taies	1	0
Karminilt	1	0
soov	1	0
linnalt	1	1
läbirääkimistega	1	0
jätkata	1	0
rahvale	1	0
tulevikus	1	0
kaubamargi	1	0
kaubamärgi	1	0
kaetuna	1	0
katnud	1	0
ajutiselt	1	0
avalikkusele	1	0
nähtavaks	1	0
muutis	1	0
poest	2	0
osb	2	0
toomeestel	1	0
lohutud	1	0
Poest	2	0
OSB	2	0
töömeestel	1	0
lõhutud	1	0
Monumendile	1	0
pakuti	1	0
uut	1	0
asukohta	1	0
Narva	1	0
kreenholm	2	0
narvat	2	0
Kreenholm	2	0
Narvat	2	0
või	1	0
Haapsalu	1	1
Haapsallu	1	0
Lauri	1	0
online	1	0
4	1	0
haapsalus	2	1
Haapsalus	2	0
Lääne	1	0
otsustati	1	0
linnavalitsuses	1	0
aaltonen	2	0
arutas	1	0
ümbritseva	1	0
kinkimist	1	0
erm	2	0
ERM	2	0
mai	1	0
esialgne	1	0
plaan	1	0
näeb	1	0
lähema	1	0
kümne	1	0
jooksul	1	0
rahva	2	0
skulptuurid	1	0
lühivorm	1	0
nimest	1	0
Jacob	1	0
Jakob	1	0
jaanuari	1	0
seisuga	1	0
mehel	1	1
populaarsuselt	1	0
Kõige	2	0
populaarsem	1	0
vanuserühmas	1	0
maakonnas	1	0
keskmiselt	1	0
vanune	1	0
mediaanvanus	1	0
stat	1	0
public	1	0
apps	1	0
nimed	1	0
Nime	2	0
kandjaid	1	1
Aab	1	0
Aaviksoo	1	0
Ahelik	1	0
trummar	1	0
Allik	1	0
teatrijuht	1	0
Johanson	1	0
näitleja	1	0
pärimusmuusik	1	1
Juske	1	0
Jõekallas	1	0
ooperilaulja	1	0
Jõerüüt	1	0
proosakirjanik	1	0
luuletaja	1	0
diplomaat	1	0
Jõevee	1	0
arhitekt	1	0
Kangilaski	1	2
kunstiajaloolane	1	0
Lipso	1	0
treener	1	0
Madison	1	0
Mae	1	0
murdmaasuusataja	1	0
Prozes	1	0
soome	1	0
ugri	1	1
aktivist	1	0
Põldmäe	1	0
kirjandusteadlane	1	0
Rähesoo	1	0
tõlkija	1	0
korvpallitreener	1	0
Soans	1	0
Urmet	1	0
kirjanik	1	0
Uudmäe	1	0
kergejõustiklane	1	0
Vackermann	1	0
põllumees	1	0
Valge	1	0
Vilo	1	1
teadlane	1	0
mehenimed	1	0
Artikkel	2	0
laulust	1	1
albumi	1	1
Oidi	1	1
Sõnade	2	0
Heldur	1	1
Karmo	1	1
sarisaate	1	1
hooaja	1	0
TV3	1	0
otsib	1	0
lemmiklaulu	1	0
valiti	1	0
kohale	1	1
suveoo	1	0
aspx	1	0
Laulusõnad	1	0
kirjutas	1	1
Juhan	1	0
Saar	1	1
tr	1	1
C3	1	0
BCkis	1	0
kdR4twwfgGg	1	0
You	1	0
Tube	1	2
21k	1	0
wp	1	0
content	1	1
uploads	1	1
pdf	1	1
asutati	1	1
mängiti	1	0
välismaa	1	1
rokkansamblite	1	1
The	1	1
Beatles	1	2
juht	1	0
sügisest	1	0
kirjutama	1	0
Mitmed	1	0
said	1	0
osaliseks	1	1
korraldas	1	0
muusikasaate	1	0
Pobifo	1	0
revüü	1	0
loomingu	1	0
salvestamise	1	0
Esimeste	1	0
lauludena	1	0
Koos	2	0
Tõnu	1	2
instrumentaalpala	1	1
Siis	2	0
sulle	1	0
meenub	1	0
Novembris	2	0
kuulas	1	0
Kurmetit	1	0
KGB	1	0
ajast	1	0
hakati	1	0
piirama	1	0
esinemisvõimalusi	1	0
Riia	1	0
saavutanud	1	0
firmaga	1	0
kokkuleppe	1	0
kahe	1	0
väikese	1	1
heliplaadi	1	0
avaldamiseks	1	0
kavatsetud	1	0
heliplaadid	1	0
keelustati	1	0
õnnestus	1	1
Virmalistel	1	0
piirati	1	0
loomingulist	1	0
veelgi	1	0
laiali	1	0
aegadel	1	0
kuulunud	1	0
rütmikitarr	1	0
Karetnikov	1	0
tamburiin	1	0
helitehnik	1	0
Silvi	1	0
Juhansson	1	0
Melike	1	0
Amjärv	1	0
Ants	1	0
Kasesalu	1	0
Timmermann	1	0
Albumid	1	0
LP	1	2
Tund	2	1
Virmalistega	1	0
Tagasivaade	1	0
Lehekülg	1	0
Andmebaasis	2	0
MusicBrainz	1	0
49a8843c	1	1
960a	1	0
4cf9	1	0
a93a	1	0
a51e5ce47729	1	0
Janno	1	0
Zõbin	1	0
sirp	2	0
s1	1	2
artiklid	1	1
c5	1	1
sisepilk	2	0
virmalistele	2	0
Sisepilk	2	0
Virmalistele	2	0
Sirp	2	0
Kaheksandas	1	2
saatejuhid	2	0
Saatekülalisteks	1	0
moodustamisest	1	0
proovidest	1	0
erinevatest	1	0
klubidest	1	0
esinemisest	1	0
Riias	1	0
koosseisust	1	0
Kurmetist	1	0
filmi	1	0
tegemisest	1	0
Mark	1	0
Soosaar	1	0
Sihveri	1	0
klubist	1	0
Tantsutarest	1	0
ansambliliikmete	1	0
praegustest	1	0
tegemistest	1	0
Eetris	2	0
ansamblist	1	1
kristalli	1	1
artiklit	1	0
Kristall	1	1
keeletoimeta	1	0
Muusikute	2	0
info	1	1
Vikipeedia	1	1
Vikiprojekt_Muusikud	1	1
grupp_või_bänd	1	1
biit	1	1
Popmuusika	2	0
popp	1	0
URL	1	0
endised_liikmed	1	1
tegutsenud	1	1
isetegevuslik	1	0
andsid	1	0
tooni	1	0
Muusikakooli	1	0
õpilased	1	0
juhtimisel	1	0
nimega	1	0
Secundo	1	0
vahetas	1	0
eristus	1	0
teistest	1	0
biitmuusikaansamblitest	1	0
puhkpillide	1	0
kasutamise	1	0
laenrepertuaari	1	0
valiku	1	0
eelistades	1	0
eeskujuna	1	0
mustade	1	0
teisel	1	0
ülevabariigilisel	1	1
kerge	1	0
konkursil	1	0
instrumentaalansamblite	1	0
kategoorias	1	0
Sama	2	0
neist	1	1
eetris	2	0
pooletunnine	1	1
sõpradele	1	0
saatejuht	2	0
Saates	2	0
järgmised	1	1
Sain	1	0
seada	1	0
Kui	2	0
võisid	1	2
päris	2	0
kena	1	0
tüdruk	1	0
Küll	1	0
pikad	1	0
rajad	1	0
Hinge	1	0
sõrm	1	0
Vana	2	0
harjutus	1	2
Sipelgad	1	0
Kuu	2	0
teen	1	1
võin	2	0
Päevamemm	1	0
Linnupõld	1	0
Grabe	1	0
Anton	1	0
Lutt	1	0
löökriistad	1	0
saatevokaal	1	1
Tibar	1	0
saksofon	1	0
Roomet	1	0
Evald	1	0
Mölder	1	0
Boris	1	0
Lehtlaan	1	0
Neljandas	1	0
Kosmos	1	0
kino	1	0
aastani	1	0
Valentina	1	0
Professorova	1	0
Valga	1	0
vähemalt	1	0
lauluteksti	1	0
Sealhulgas	2	0
paljude	1	1
Orumetsa	1	0
Kolm	2	0
kaunist	1	0
sõna	1	0
Maria	1	1
Kurzeme	1	0
Ära	2	0
väsi	1	1
Näita	1	0
tähte	1	0
kallab	1	0
jne	1	0
Ohe	1	1
Läks	2	0
katki	1	1
naer	2	0
peos	1	0
Els	1	0
Himma	1	0
Millest	1	0
sa	2	2
elad	1	2
hingad	1	0
Pihlapi	1	0
Valgeid	1	0
roose	1	0
laulul	1	0
Laintesse	1	0
heidan	1	0
end	1	0
ans	1	1
Ajastu	1	0
MERL	1	1
Magab	1	0
kassipoeg	1	0
Tiiu	1	0
Nukuke	1	0
Nancy	1	0
muutsid	1	0
teistelgi	1	0
toi	1	0
legendaarsete	2	0
mina	2	0
ulbet	1	1
joalat	2	0
Legendaarsete	2	0
Mina	2	0
ülbet	1	1
Teoseid	1	0
Tunnete	1	0
filigraan	1	0
Tavatult	1	0
tavaline	1	0
9789916404966	1	0
pooleli	1	0
viljeles	1	1
progressiivne	1	0
rock	2	2
progerokki	1	1
jazz	1	0
fusion	1	0
Oli	2	0
saateansambel	1	1
viimaseks	1	0
esinemiseks	1	0
jäi	1	0
Linnahall	1	0
Päris	2	0
sama	2	0
oktoobris	1	1
Budapest	1	1
direktor	1	0
Sersant	1	0
abielus	1	0
Ly	1	0
Ranne	1	0
iga	1	0
läbi	1	0
Lilje	1	1
Pedersen	1	0
Potjomin	1	0
Põldroo	1	0
eripov	1	1
Harry	1	0
Paap	1	0
Vain	1	0
Nevil	1	0
Blumberg	1	1
Vaigla	1	1
Kaja	1	0
Valeri	1	0
Belinov	1	0
Paul	1	0
Narits	1	1
Soontak	1	0
al	1	0
Grand	1	0
prix	1	0
el	1	0
Parim	2	0
instrumentaalansambel	1	0
VII	1	0
muusikapäevadel	1	0
Bratislava	1	0
d	1	0
ässifestivali	1	1
laureaat	1	0
allikad	1	0
archive	1	0
org	1	0
20141006142210	1	0
tartu	2	0
levimuusikapaevad	1	1
basskitarrist	1	0
Mänginud	1	0
saateansamblis	1	0
ansamblites	1	0
Vaakum	1	0
Trahter	1	0
Sepper	1	0
Band	1	1
mitmete	1	0
sõnade	2	0
DEFAULTSORT	1	1
basskitarristid	1	0
Alender	0	0
Ruja	0	3
Riigikogu	0	3
Yoko	0	2
Arder	0	2
Gar	0	1
nek	0	1
Alenderi	0	1
Nõgisto	0	2
ruja	0	1
Tiit	0	3
2023	0	2
Virve	0	1
Osila	0	1
Makarov	0	1
2024	0	1
pool	0	1
of	0	1
albumid	1	1
Haagma	0	2
Euroopa	0	1
Üdi	0	1
Igor	0	1
1989	0	1
valimised	0	1
the	1	2
Viiding	0	2
Kohtumine	0	1
nr	1	1
performed	0	1
by	0	1
Need	0	1
Albertiga	0	1
XIV	0	1
XIII	0	1
juhatuse	0	1
Parlamendi	0	1
Runnel	0	1
2003	0	1
Propeller	0	1
Data	0	1
I	1	2
urmas	1	2
alenderi	0	2
Estonia	0	2
valimistel	0	2
häält	0	1
Laulud	1	1
Hando	0	2
2012	0	1
Biograafia	0	1
Pust	0	2
budet	0	1
vsjo	0	2
nägin	0	1
raamatu	0	1
Reformierakonna	0	1
aseesimees	0	1
P	1	1
Viivi	0	2
Luik	0	1
1953	0	1
2001	0	1
Varjud	0	1
Andromeeda	0	1
hard	0	1
Teravik	0	1
Kivi	0	1
veereb	0	2
Must	0	1
lind	0	2
kloun	0	1
Kogutud	0	1
teosed	0	1
eestinaine	0	1
tütar	0	1
vett	0	1
Pegasus	0	1
alender	0	1
XV	0	3
Res	0	1
Publica	0	1
OÜ	0	1
riigikogu	0	1
Oma	1	2
kogus	0	2
yoko	0	1
html	0	2
dea	0	1
ilmunud	0	1
and	0	1
B	0	2
Eestimaad	0	1
Kappel	0	1
S	1	1
Gulliver	0	2
Budet	0	1
svet	0	2
tõlge	0	1
Deti	0	1
solntsa	0	1
V	1	1
om	0	1
gorode	0	1
taustalaul	0	1
2007	0	1
2009	0	1
Teatriakadeemia	0	1
tekstid	0	1
progressiivse	0	1
roki	0	1
Armastuse	1	1
ämblik	0	1
esimene	0	1
ju	0	2
Paar	1	1
lahku	0	1
Helje	0	1
Rootsi	0	2
kaasas	0	1
elu24	0	1
armastus	0	1
Teisel	1	1
kirjastus	0	1
luulekogu	0	2
Reformierakond	0	1
Kunstiakadeemia	0	1
arhitektuuri	0	1
asutaja	0	1
keskkonnakomisjon	0	1
kandideeris	0	2
Valimisringkond	0	1
valimisringkonnas	0	2
valituks	0	1
result	0	1
Vaadatud	1	1
Demokraatide	0	2
Liberaalide	0	1
ALDE	0	1
asepresidendiks	0	2
Roostevaba	0	1
raamat	0	1
digar	0	1
ehk	0	2
järel	0	1
luua	0	1
Suur	1	1
island	0	1
kaua	0	1
How	0	1
Võta	0	2
lehtede	0	1
varju	0	1
Take	0	1
under	0	1
cover	0	1
leaves	0	1
you	1	1
Lauluke	0	2
Ditty	0	1
Song	0	1
Meeting	0	1
Aunaste	0	1
grupp	0	1
EP	0	1
jäänud	0	1
Indrek	0	1
Rull	0	1
Arvo	0	1
Urb	0	1
Joasoo	0	1
Belizna	0	1
Groza	0	1
Predt	0	1
uvstvije	0	1
zimõ	0	1
Svetlõi	0	1
krai	0	1
Kareva	0	1
Sorvannõje	0	1
tsvetõ	0	1
Kinogorod	0	1
Po	0	1
tu	0	1
storonu	0	1
vod	0	1
Lebedinaja	0	1
pesnja	0	1
Vladislav	0	1
34	0	1
58	0	1
72	0	1
Linnateater	0	1
Noorsooteatris	0	1
Protsess	0	1
Komissarov	0	2
viis	0	1
tiit	0	1
mängima	0	2
bändi	0	1
nimeks	0	1
samuti	0	1
Progressiivne	1	1
Televisiooni	1	2
laulnud	0	1
Hingelind	0	1
Vanemõde	0	1
II	0	1
vanemad	0	1
Artur	0	1
Siivi	0	1
kaitseingel	0	2
juulil	0	1
neil	0	1
Kaskel	0	1
helje	0	2
kolisid	0	2
eelmisest	0	1
abielust	0	1
jäigi	0	1
lahutamata	0	1
usun	0	1
estonia	0	1
eluaasta	0	2
minutid	0	1
poole	0	1
noorema	0	1
neiu	0	1
tormi	0	1
iile	0	1
trotsiv	0	1
Truu	0	1
Martin	0	1
Sinijärv	0	1
lõputa	0	1
lookleval	0	1
teel	0	1
Kirjastus	0	1
esileht	0	2
näoga	0	1
Janus	0	1
Nailonkuu	0	1
rokkarist	0	2
teisalt	0	1
tundlik	0	1
armuja	0	1
kirjandus	1	1
tulemas	0	2
olin	0	1
minemas	0	1
keegi	1	1
vaatas	0	1
pealt	0	1
Sina	0	1
vilistlased	0	2
kliimaminister	0	1
lapsed	0	1
kirjastaja	0	1
õppis	0	1
õpib	0	1
produktsioonifirma	0	1
projektijuht	0	1
osakonna	0	1
Riigimetsa	0	1
Majandamise	0	1
nõukogu	0	1
tegevus	0	1
koosseisus	0	1
kultuurikomisjon	0	1
Keskkonnakomisjon	0	2
esimees	0	2
fraktsiooni	0	1
vvk	0	1
detailed	0	1
voting	0	1
andmed	0	1
tegelenud	0	1
koolitajana	0	1
ALENDER	0	1
Kuidas	0	3
yokoalender	0	1
Budismi	0	1
Lennon	0	2
järgi	0	1
txt	0	1
txIN	0	1
Minu	1	1
Priit	0	2
majas	0	1
ebatavalise	0	2
Frank	0	1
veebilehel	0	1
poliitikud	0	1
When	0	1
Rudolf	0	1
Rimmel	0	1
woman	0	1
To	1	1
much	0	2
longer	0	1
sind	0	1
Ülle	0	1
Tõnumaa	0	1
Niinemägi	0	1
lit	0	1
Ööpäev	0	1
Night	0	1
day	0	2
sadness	0	1
Tuli	1	1
Kevade	0	1
Kevad	0	1
Spring	0	2
Marje	0	2
Teslon	0	1
inglise	0	1
span	0	1
raske	0	1
Old	0	1
clown	0	1
Kadunud	1	1
Lost	0	1
son	0	1
Valgma	0	1
Korralik	0	1
pere	0	1
decent	0	1
family	0	1
sügavast	0	1
düünist	0	1
about	0	1
deep	0	1
dune	0	1
saar	1	1
Own	0	1
Gustav	0	1
Suits	0	1
rõõm	0	1
mure	0	1
Big	0	1
joy	0	1
concern	0	1
Meelelahutus	1	1
Entertainment	0	1
Juuspeened	0	1
keeled	0	1
Hair	0	1
thin	0	1
strings	0	1
Albert	0	1
Imelapse	0	1
lapsepõlv	0	1
childhood	0	1
wonder	0	1
kid	0	1
long	0	1
swans	0	1
Eespere	0	1
Karp	0	1
opleht	0	1
sabast	0	1
klahvpille	0	1
tekkis	0	1
enda	0	1
uus	0	1
viiul	0	1
tromboon	0	1
Rannapi	0	1
vastavalt	0	1
Tsepeliini	0	1
triumf	0	1
Esimesed	1	1
Nii	1	1
vaikseks	0	2
ilmus	0	1
Rujale	0	1
Tomp	0	1
aula	0	1
Kaljuste	0	1
kontserdi	1	1
Nürnbergi	0	1
Andrus	0	1
Vaht	0	1
proge	0	1
Tuntud	1	1
Tango	0	1
home	0	1
uninet	0	1
mel	0	1
estprog	0	1
eeskuju	0	1
publikule	0	1
Ivan	0	1
Patte	0	1
Pet	0	1
nikov	0	1
Valgusemaastikud	0	1
kell	0	1
32	0	1
35	0	1
36	0	1
37	0	1
47	0	1
54	0	1
56	0	1
71	0	1
101	0	1
104	0	1
128	0	1
280	0	1
997	0	1
1300	0	1
1633	0	1
1739	0	1
1993	0	1
2027	0	1
2051	0	1
2715	0	1
3423	0	1
4025	0	1
4819	0	1
4938	0	1
8275	0	1
26417	0	1
45666	0	1
119804	0	1
231103	0	1
252868	0	1
310307	0	1
398367	0	1
752220	0	1
964802	0	1
7068567	0	1
7081911	0	1
51285531	0	1
67397378	0	1
72445381	0	1
80187140	0	1
80205194	0	1
1609483153	0	1
tähelepanuväärsed_pillid	0	1
Läänemeri	0	1
Utö	0	1
laulukirjutaja	0	1
Haridus	0	1
näitlejatöö	0	1
Sikupilli	0	1
keskkooli	0	1
lavakunstikool	0	1
Konservatooriumi	1	1
lavakunstikateedri	0	1
lennus	0	1
Noorsooteater	0	1
Nukuteatri	0	1
vabakutselisena	0	1
etbl	0	1
teatriliit	0	1
alender_urmas2	0	2
Teatriliit	0	1
Tuntumad	1	2
lavastused	0	1
tolleaegses	0	1
Abby	0	1
Mann	0	1
etendusesse	0	1
kaasatud	0	1
Johnny	0	1
kogu	0	1
keelati	0	1
Nukuteatris	0	1
proovis	0	1
luulekavadega	0	1
Vaikusse	0	1
valgusse	0	1
puhtusse	0	1
luuletajate	0	1
millele	0	1
teatrikriitika	0	1
soodne	0	1
Muusikutee	0	1
Põhikooli	0	1
lõpuaastatel	0	1
sõbra	0	1
klassivenna	0	1
kitarri	0	1
tegema	0	1
Neid	1	1
kutsuti	0	1
ülekoolilistele	0	1
üritustele	0	1
mängisid	0	1
teistes	0	1
Seejärel	1	1
eestvedamisel	0	2
heavy	0	1
metal	0	1
viljelenud	0	1
algkoosseisus	0	1
Isikupärase	0	1
solistiks	0	1
laialiminekuni	0	1
olles	1	1
ühtlasi	0	1
tegevusajal	0	1
ainus	0	1
püsiliige	0	1
ühte	0	1
omapärasemat	0	1
avangardsemat	0	1
rockbändi	0	1
legendaarse	0	1
punkbändi	0	1
asutajaliige	0	1
mängimist	0	1
septembris	0	1
meeskondade	0	1
skandaalselt	0	1
lõppenud	0	1
jalgpallimat	0	1
heliplaate	0	1
kassette	0	1
Üle	1	1
müüri	0	2
Pop	1	1
peamiselt	0	2
omaenda	0	1
meloodiaga	0	1
tekstidele	0	1
kirjutatud	0	1
säilinud	0	1
haruldane	0	1
Stockholmis	0	1
tehtud	0	1
salvestis	1	1
Flying	0	1
Away	0	1
albumis	0	1
Muusikavooluses	0	1
Ansamblid	1	1
Kaseke	0	2
albumit	0	1
Ummi	0	1
Angela	0	1
Õde	0	1
temast	0	2
noorem	0	1
ode	0	1
siivi	0	1
õde	0	2
Liiviga	0	2
Ion	0	1
liivi	0	1
nagin	0	2
labi	0	1
jalle	0	1
moni	0	1
korvalsuhe	0	1
Liivi	0	1
mõni	0	2
kõrvalsuhe	0	1
abiellusid	0	1
nostalgia	0	1
kaskeli	0	1
soit	0	2
ameerika	0	1
magedel	0	2
Kaskeli	0	1
sõit	0	2
Ameerika	0	1
mägedel	0	2
kaskel	0	1
tostetakse	0	2
ules	0	1
tõstetakse	0	1
üles	0	1
Augustis	0	1
kihlus	0	1
Susanne	0	1
Annely	0	1
Piiperiga	0	1
hukust	0	1
hukkus	0	1
ööl	1	1
katastroof	0	1
Liia	0	1
Sakkos	0	1
teinud	0	1
Alenderist	0	1
dokumentaalfilm	0	1
nailonkuu	0	1
luuletused	0	2
järelsõna	0	1
Jürgen	0	1
Rooste	0	1
9789949425136	0	1
Ajakirjade	0	1
sisaldab	0	1
bibliograafiat	0	1
9789949454907	0	1
biography	0	1
TRUE	0	1
elulugu	1	1
846c19e8	0	2
ae15	0	1
a7d8e6e6d661	0	1
mitme	0	1
beritkontsert	0	1
wwx	0	1
koostamisest	0	1
arvamus	0	1
Rando	0	1
Tooming	0	1
uhelt	0	1
loomamees	0	1
orn	0	1
ühelt	0	1
löömamees	0	1
õrn	0	1
Mari	0	1
Peegel	0	1
Kas	0	1
täitsid	0	1
seks	0	1
alkohol	0	1
Kanguri	0	1
arvustus	0	1
Päevaleht	0	1
c7	0	1
sina	0	1
korval	0	2
kõrval	0	1
katastroofis	0	1
hukkunud	0	1
ametiisik	0	1
ametiajaalgus	0	1
ametiajalõpp	0	1
eelmine	0	1
Kristen	0	1
Michal	0	1
järgmine	0	1
amet2	0	1
ametiajaalgus2	0	1
ametiajalõpp2	0	1
eelmine2	0	1
järgmine2	0	1
amet3	0	1
ametiajaalgus3	0	1
ametiajalõpp3	0	1
eelmine3	0	1
järgmine3	0	1
amet4	0	1
ametiajaalgus4	0	1
ametiajalõpp4	0	1
eelmine4	0	1
järgmine4	0	1
amet5	0	1
ametiajaalgus5	0	1
ametiajalõpp5	0	1
eelmine5	0	1
järgmine5	0	1
amet6	0	1
ametiajaalgus6	0	1
ametiajalõpp6	0	1
eelmine6	0	1
järgmine6	0	1
amet7	0	1
ametiajaalgus7	0	1
ametiajalõpp7	0	1
eelmine7	0	1
järgmine7	0	1
amet8	0	1
ametiajaalgus8	0	1
ametiajalõpp8	0	1
eelmine8	0	1
järgmine8	0	1
rahvus	0	1
poega	0	1
tütart	0	1
sugulased	0	1
elukoht	0	1
alma_mater	0	1
elukutse	0	1
Arhitekt	1	1
autasud	0	2
allkiri	0	1
RK	0	1
juulist	0	1
koolitaja	0	1
astus	0	1
liikmeks	0	1
teatas	0	1
ühinemisest	0	1
Reformierakonnaga	0	1
keskkool	1	1
Stockholmi	0	2
Kool	0	1
Södra	0	1
Latini	0	1
linnaplaneerimise	0	1
osakonnas	0	1
arhitektuurimagistrina	0	1
edasi	0	1
doktorantuuris	0	1
uurides	0	1
arhitektide	0	1
alternatiivseid	0	1
identiteete	0	1
Kultorg	0	1
ZiZi	0	1
YoYo	0	1
Urbanmark	0	1
wpcms	0	1
101_biograafiat	0	1
2021_veebr	0	1
lühielulugu	0	1
Kultuuriväärtuste	0	1
Amet	1	1
muinsuskaitse	0	2
miljööalade	0	1
peaspetsialistina	0	1
disaininõunik	0	1
AS	1	1
Riigi	0	3
Kinnisvara	0	1
Rahvusraamatukogu	0	1
Keskus	0	1
Keskuse	0	1
Koostööfondi	0	1
Poliitiline	0	1
Kultuurikomisjon	0	1
aprillist	0	2
liikmena	0	1
linnaosa	0	1
halduskogu	0	1
piirkonna	0	1
nimekirjas	0	1
kandidaadi	0	1
otsing	0	1
otsi_ajaloost	0	1
20alender	0	1
kultuurikomisjoni	0	1
keskkonnakomisjoni	0	1
valimisringkond	0	1
haldusüksus	0	2
ringkonnamandaadiga	0	1
rk2023	0	1
ep2014	0	1
mandates	0	1
ep2024	0	1
valimiste	0	1
detailne	0	1
hääletamistulemus	0	1
Valimised	0	1
alde	0	2
Muu	1	2
ürituste	0	2
loominguliste	0	1
projektide	0	1
korraldamisega	0	1
projektijuhi	0	1
pressiesindajana	0	1
hoolitsenud	0	1
loomingulise	0	1
pärandi	0	1
avaldanud	0	1
plaad	0	1
DVD	0	1
biograafilise	0	1
luulekogud	0	1
sina_mina	0	1
korraldanud	0	1
juubelikontserdid	0	1
Olnud	1	1
teiste	0	2
autoritest	0	1
koostaja	1	1
kirjastanud	0	2
Jan	0	1
Gehl	0	1
Linnad	0	1
inimestele	0	1
uurida	0	1
avalikus	0	1
ruumis	0	1
Sim	0	1
Pehme	0	1
Linn	1	1
Gaia	0	2
Vince	0	1
Nomaadide	0	1
sajand	0	1
raamatud	0	1
asutatud	0	1
Instituut	0	1
Instituudi	0	1
budismi	0	1
jooga	0	2
mindfulnessi	0	1
isikliku	0	1
arengu	0	1
teemadega	0	1
viib	0	1
koolitusi	0	1
läbis	0	1
kõrgemad	0	1
riigikaitsekursused	0	1
tegutseb	0	1
naispoliitikute	0	1
võimestamisprogrammi	0	1
Alliance	0	1
Her	0	1
John	0	1
naise	1	1
Ono	0	1
kuna	1	1
austas	0	2
Lennonit	0	1
Sõnumid	0	1
DIGAR	0	1
eestisonumid19950118	0	2
7CtxTI	0	1
7CtxAU	0	2
7CtxTA	0	2
isaga	0	2
kaastegev	0	1
laulus	0	1
lapsepõlve	0	1
kangelane	0	1
kaver	0	1
Soome	1	1
Miljoonasade	0	1
Lapsuuden	0	1
sankarille	0	1
Juurmann	0	1
DJ	0	1
Julm	0	1
riigikokku	0	1
jarel	0	2
FOTO	2	1
Mees	1	2
Riigikokku	0	2
Kaarel	0	2
Bo	0	1
Herta	0	1
Ing	0	1
Uma	0	1
Chantal	0	1
Dag	0	1
Ferdinand	0	1
alendri	0	1
Alendri	0	2
sept	0	2
Abikaasaga	0	1
aidanud	0	1
kohtumispaiku	0	1
FHoone	0	1
Underground	0	1
Tabac	0	1
Fono	0	1
Põhjatähe	0	1
orden	0	1
commonskat	0	1
saadik	0	1
90074aa2	0	1
41a9	0	1
3a6efa1cee31	0	1
Tutvustus	0	1
Koduleht	0	1
arhitektid	0	1
kliimaministrid	0	1
kogumikalbum	0	1
lugudest	0	1
pärit	0	1
albumitelt	0	1
not	0	1
around	0	1
anymore	0	1
Haldjasaar	0	1
Fairy	0	1
Raskemeelsus	0	1
Hauakiri	0	1
Gloom	0	1
Epitaaf	0	1
Epitaph	0	1
Heli	0	1
Sound	0	1
Hüvasti	0	1
kollane	1	1
koer	0	1
Goodbye	0	2
yellow	0	1
Koer	0	1
dog	0	2
Igavene	0	1
Eternal	0	1
Ja	1	1
kuigi	0	1
And	0	1
whilst	0	2
yet	0	1
Üksikutele	0	1
lonely	0	1
näen	0	1
taas	1	1
again	0	1
unistad	0	1
What	0	1
are	0	1
dreaming	0	1
Eestimaa	0	1
My	0	1
Peninukid	0	1
Hound	0	1
knuckles	0	1
Veereva	0	1
ragin	0	1
Rattle	0	1
rolling	1	1
life	0	1
Tunne	0	1
Feeling	0	1
Vihma	0	1
pimedat	0	2
vihma	0	1
Rain	0	2
dark	0	2
rain	0	1
enesesse	0	2
tõmbun	0	1
withdraw	0	1
into	0	1
myself	0	1
term	0	1
describe	0	1
cycle	0	1
night	0	1
joonistada	0	2
kurbust	0	1
draw	0	1
Smuul	0	1
Kivid	0	1
lambad	0	1
Lammas	0	1
sheep	0	1
Fire	0	1
Usaldus	0	1
Trust	0	1
Mere	0	1
sea	0	1
Imetlen	0	2
admire	0	1
kahest	0	1
albumist	0	1
koosnev	0	1
komplekt	0	1
box	0	1
set	0	1
Kogumikus	0	1
laulusõnad	1	1
pakitud	0	1
spetsiaalsesse	0	1
digipak	0	1
pakendisse	0	1
class	0	1
cx	0	1
segment	0	1
data	0	1
segmentid	0	2
Varjude	0	1
revolutsioon	0	1
Revolution	0	1
shadows	0	1
Sel	1	2
poisil	0	1
That	0	1
boy	0	1
had	0	1
suunatud	0	1
sharp	0	1
point	0	1
has	0	1
been	0	1
aimed	0	1
downwards	0	1
Kuusik	0	1
Sagadi	0	1
Kerstenbeck	0	1
Kõik	1	1
läheb	0	2
mööda	0	1
Everything	0	1
will	0	1
pass	0	1
For	0	1
how	0	1
Tuumavaba	0	2
Nuclear	0	1
free	0	1
Taevased	0	1
ratsamehed	0	1
Heavenly	0	1
horsemen	0	1
Hoia	0	1
Hold	0	1
like	0	1
this	0	1
Paaria	0	1
Pariah	0	1
Heiti	0	1
Laupäev	0	1
naisega	0	1
Saturday	0	1
with	0	1
pikajuukseline	0	1
haired	0	1
Öine	0	1
vahetus	0	1
shift	0	1
kevad	0	1
As	1	2
spring	0	3
ütlesid	0	2
näkku	0	1
lööda	0	1
no	0	1
hitting	0	1
face	0	1
Solaarne	0	1
Solar	0	1
Suvenukrus	0	1
Mereigatsus	0	1
Sea	0	1
yearning	0	2
Unenägu	0	1
dream	0	1
Vihmane	0	1
talvekauge	0	1
Rainy	0	1
winter	0	1
distant	0	1
Neoonist	0	1
silmad	0	1
külmas	0	1
kivilinnas	0	1
Neon	0	1
eyes	0	1
cold	0	1
stone	0	1
city	0	1
Lummus	0	1
Enchanted	0	1
Lootuses	0	1
In	1	1
hope	0	2
Elame	0	1
We	0	1
live	0	1
more	0	1
Mõtisklus	0	1
Contemplation	0	1
Podelski	0	1
Metsluiged	0	1
Vennad	0	1
luiged	0	1
Wild	0	1
Brothers	0	1
Ren	0	1
Leelo	0	1
Tungal	0	1
stuudioalbum	0	1
omanimeline	0	1
Õunalaul	0	1
Doktor	0	1
Noormann	0	1
Mr	0	1
Tule	0	1
minuga	0	1
sööklasse	0	1
Inimene	1	1
Kus	1	1
Lapsena	0	2
televisioonis	0	1
Rahu	0	1
Siin	0	1
oled	0	1
Eerik	0	2
Rummo	0	1
c51a3b39	0	1
eda4	0	1
4c0c	0	1
bc5c	0	1
9f61b1e2b811	0	1
Toimeta	0	1
helikandjate	0	1
artikleid	0	1
rokkooperi	0	1
folkrokk	0	1
psühhedeelne	0	1
Ilmar	0	1
Sikemäe	0	1
uudissõna	0	1
tähendas	0	1
fantaasiat	0	1
Sõna	1	1
tutvustati	0	1
veebruaris	0	1
ajalehes	0	1
ajaleht	0	1
Vasar	0	1
sonal	0	1
Sõnal	0	1
varane	0	1
loomine	0	1
kümnenda	0	1
õpilane	0	1
Mustamäe	0	1
Mängude	0	1
Majas	0	1
tantsuansamblis	0	2
Intervall	0	1
rokklugude	0	1
mängimiseks	0	1
algne	0	1
pillide	0	1
üsna	0	1
tavatu	0	1
naislauljat	0	1
Liina	0	1
Randmaa	0	1
Eva	0	1
Ojaveer	0	1
meessolisti	0	1
Suure	1	1
ansamblikoosseisu	0	1
eesmärgiks	0	1
idee	0	1
moodustada	0	2
põhiansamblist	0	1
vajadusel	0	1
väiksemaid	0	1
koosseise	0	1
arran	0	1
eeringutele	0	1
stiilile	0	1
kammer	0	1
Idee	0	1
siiski	0	2
elujõuline	0	1
lahkusid	0	1
naislauljad	0	1
viiuldaja	0	1
trompetist	0	1
tromboonimängija	0	1
Tänapäev	0	1
loomise	0	1
printsiibid	0	1
omaloodud	0	1
originaalmuusika	0	1
kirjanduslikult	0	1
tugev	0	1
kodumaine	0	1
laulutekst	0	1
tugevad	0	1
professionaalsed	0	1
tegemine	0	1
kunstilisel	0	1
tasemel	0	1
RUJA	0	1
lindistused	0	3
Esimest	0	1
Aruküla	0	1
kultuurimajas	0	1
stuudios	0	1
mõlemad	0	1
Ernst	0	1
Enno	0	1
sõnadele	0	1
ainuke	0	1
Rujaga	0	1
lindistanud	0	1
Detsember	1	1
Ilma	0	1
Viidingu	0	1
luuleta	0	1
olnuks	0	1
eestikeelset	0	1
Kolmanda	0	1
loona	0	1
lindistatigi	0	1
esimesi	0	1
Psühhedeelia	0	1
psühhedeelse	0	1
suunaga	0	1
kompositsioone	0	1
Õhtunägemust	0	1
peavad	0	1
muusikaasjatundjad	0	1
esimeseks	0	1
looks	0	1
Enne	1	1
Rujat	0	1
Just	1	1
eestikeelse	0	1
laulmise	0	1
maneeri	0	1
väljatöötamise	0	1
loeks	0	1
ühiseks	0	1
teeneks	0	1
liitusid	0	1
Uuenenud	0	1
koosseisuga	0	1
lindistati	0	1
raadiostuudios	0	1
Rukkilõikus	0	1
looga	0	1
Rujal	0	1
ühes	0	1
Rannapil	0	1
pahandusi	0	1
ekraanil	0	1
näidata	0	1
selles	0	1
loos	0	1
olegi	0	1
üritas	0	1
tarifitseerida	0	1
tantsuansamblina	0	1
rahaliste	0	1
sissetulekute	0	1
suurendamiseks	0	1
vastav	0	1
komisjon	0	1
luba	0	1
andnud	0	1
Kontserdid	1	1
esinemiskeelud	0	2
Järgnenud	0	1
Tütarlaps	0	1
kloaagis	0	1
Noore	0	1
fotograafi	0	1
uppumine	0	1
Viidingult	0	1
kujundasid	0	1
ametivõimude	0	1
silmis	0	1
skandaalse	0	1
imid	0	1
Esimene	0	1
suurem	0	2
Kadriorg	0	1
Kadriorus	0	1
asuva	0	1
kõlakoja	0	1
vabaõhukontserdil	0	1
rahvamuusikute	0	1
esinemise	0	1
lavale	0	1
tulnud	0	1
pöördesse	0	1
kontserdikorraldajad	0	1
lülitasid	0	1
igaks	0	1
juhuks	0	1
elektritoite	0	1
lühiaegne	0	1
asendas	0	1
tolleaegsed	0	1
esinemiskohad	0	1
põhiliselt	0	1
Salme	0	1
kultuurikeskus	0	1
Tombi	0	1
kultuuripalee	0	1
Kreuksi	0	2
Noorsoo	0	1
Kultuuripalee	0	1
nimetati	0	2
Mustpeade	0	1
Maja	0	1
Rohkem	1	1
prestii	0	1
ne	0	1
esinemiskoht	0	1
Tehnikaülikool	0	1
TPI	0	1
viibis	0	1
kontserdil	0	1
arvatavalt	0	2
rekord	0	1
alguses	0	1
ansamblile	0	1
ettepanek	0	2
kontserdisaal	0	1
elitaarne	0	1
kontserdikoht	0	1
kontserti	0	1
müüdi	0	1
Kontsert	1	1
kammerkooriga	0	1
isamaalistelt	0	1
meeleoludelt	0	1
vaimustav	0	1
Kontserdil	0	1
otseselt	0	2
nõukogudevastast	0	1
kuskil	0	1
kõrvalises	0	1
klubilisemas	0	1
keskkonnas	0	1
esinedes	0	1
poleks	0	1
ilmselt	0	1
suurt	0	1
skandaali	0	1
Sovetlikud	0	1
kultuuriametnikud	0	1
leidsid	0	1
mitmeid	0	1
kontserdile	0	1
sobimatuid	0	1
asjaolusid	0	1
kahemõtteline	0	1
kavaleht	0	1
koori	0	1
meeslauljatel	0	1
seljas	0	1
frakid	0	1
ansamblil	0	1
hilbud	0	1
veinipudelid	0	1
saalis	0	1
klaveri	0	1
peal	0	1
viinapudel	0	1
millest	1	1
joodi	0	2
jms	0	1
keelasid	0	1
andes	0	1
tähtajatu	0	1
kontserdist	0	1
tekkinud	0	1
suhtumine	0	1
andis	0	1
tunda	0	1
Rannapile	0	1
koorile	0	1
Ansamblile	0	1
vaikiv	0	2
ajastu	1	1
õnnelikele	0	1
asjaoludele	0	1
osaleda	0	1
lavastuses	0	1
lavateosele	0	1
sobiv	0	1
Lavastuse	0	1
teema	0	1
ideoloogiliselt	0	1
õige	0	1
sest	0	1
käsitles	0	1
protsess	0	1
kohtuprotsessi	0	2
Kokku	1	1
saja	0	1
etenduse	0	1
teatri	0	1
palgal	0	1
klassikalise	0	1
pianistina	0	1
valmistus	0	1
rahvusvaheliseks	0	1
pianistide	0	1
konkursiks	0	1
eelvoorudega	0	1
Moskva	0	1
etendustest	0	1
osavõtt	0	1
koormavaks	0	1
Asendajaks	0	1
leidis	0	1
klaveriüliõpilaste	0	1
varajase	0	1
perioodi	0	1
kuulusid	0	1
klahvpill	0	1
Veenre	0	1
Kalaus	0	1
Avasalu	0	1
Tark	0	1
trumm	0	1
Varts	0	1
Kuulberg	0	1
bass	0	1
hilis	0	1
Kogumikud	0	1
5CD	0	1
2CD	0	1
3CD	0	1
Videod	0	1
Rujavisioon	0	1
VHS	0	1
Suudlus	0	1
jäätunud	0	1
klaasi	0	1
Vaiki	0	1
võid	0	1
muld	0	1
süda	0	1
Sauter	0	1
HyperElwood	0	1
must	0	1
ronk	0	2
valge	1	1
vares	0	1
kodulehel	0	1
Viie	0	1
kogumikul	0	1
biograafiad	0	1
bac75c73	0	1
9d3b	0	1
800c	0	1
0e1050eb8ff0	0	1
Valner	0	1
Valme	0	1
Tragikomöödia	0	1
võtmes	0	1
rookijad	0	1
maratsejad	0	1
ebasundsad	0	1
halb	0	1
Röökijad	0	2
Märatsejad	0	1
Ebasündsad	0	1
Halb	0	1
cgi	0	2
bin	0	1
linnalehttrt20200821	0	1
7ctxTI	0	1
7ctxAU	0	2
7ctxTA	0	2
nõukogudevastasus	0	2
väljendus	0	1
tekstides	0	1
helikeeles	0	1
pikkades	0	1
juustes	0	1
Linnaleht	0	1
Shades	0	1
asutasid	0	1
umbes	0	1
klassis	0	1
Bändile	0	1
pandi	0	1
Cliff	0	1
Richard	0	1
Shadows	0	1
muusikutest	0	2
klaverit	0	1
koolipidudele	0	1
esinesid	0	1
Sossi	0	1
klubi	0	1
biograafia	0	1
Lehte	0	2
Hainsalu	0	1
keelne	0	1
9c1ff96c	0	1
3dd7	0	1
42a6	0	1
b285	0	1
00e9389531b8	0	1
väljaandel	0	1
katalooginumbriga	0	1
C60	0	1
Albumil	0	1
silmatorkav	0	1
ümbris	0	1
kollektsionääride	0	1
hinnatud	0	1
hilisematel	0	1
kogumikel	0	1
albumile	0	1
Kiis	0	1
Klassikaraadio	0	1
saatesarjast	0	1
Ideaalmaailmad	0	1
Lugusid	0	1
kommenteeris	0	1
Saadet	0	1
korrati	0	1
Esitajad	0	1
kitarrid	0	1
taustavokaal	0	1
Veerev	0	1
kivi	0	1
Kor	0	2
ets	0	1
kestus	0	1
Murtud	1	1
lilled	0	1
Lootuse	0	1
Kahe	1	1
pale	0	1
Meeste	0	1
Pime	0	1
sõda	0	1
Oled	0	1
järv	0	2
Ahtumine	0	1
Alliksaar	0	1
6db9e7da	0	1
ce34	0	1
41dd	0	1
a768	0	1
536f7308658b	0	1
lps	0	1
ruja3	0	1
htm	0	1
Albumiümbris	0	1